"","NA.","mid","plotba","class","age","ht","nspp","plot"
"1",NA,NA,NA,"400",0,NA,1,301
"2",NA,NA,NA,"400",0,NA,1,302
"3",NA,NA,NA,"400",0,NA,1,303
"4",NA,NA,NA,"400",0,NA,1,304
"5",NA,NA,NA,"400",0,NA,1,305
"6",NA,NA,NA,"400",0,NA,1,306
"7",NA,NA,NA,"400",0,NA,1,307
"8",NA,NA,NA,"400",0,NA,1,308
"9",NA,NA,NA,"401",1,NA,1,309
"10",NA,NA,NA,"401",1,NA,1,310
"11",NA,NA,NA,"401",1,NA,1,311
"12",NA,NA,NA,"401",1,NA,1,312
"13",NA,NA,NA,"401",1,NA,1,313
"14",NA,NA,NA,"401",1,NA,1,314
"15",NA,NA,NA,"401",1,NA,1,315
"16",NA,NA,NA,"401",1,NA,1,316
"17",NA,NA,NA,"402",2,NA,1,317
"18",NA,NA,NA,"402",2,NA,1,318
"19",NA,NA,NA,"402",2,NA,1,319
"20",NA,NA,NA,"402",2,NA,1,320
"21",NA,NA,NA,"402",2,NA,1,321
"22",NA,NA,NA,"402",2,NA,1,322
"23",NA,NA,NA,"402",2,NA,1,323
"24",NA,NA,NA,"402",2,NA,1,324
"25",NA,NA,NA,"403",3,NA,1,325
"26",NA,NA,NA,"403",3,NA,1,326
"27",NA,NA,NA,"403",3,NA,1,327
"28",NA,NA,NA,"403",3,NA,1,328
"29",NA,NA,NA,"403",3,NA,1,329
"30",NA,NA,NA,"403",3,NA,1,330
"31",NA,NA,NA,"403",3,NA,1,331
"32",NA,NA,NA,"403",3,NA,1,332
"33",NA,NA,NA,"404",4,NA,1,333
"34",NA,NA,NA,"404",4,NA,1,334
"35",NA,NA,NA,"404",4,NA,1,335
"36",NA,NA,NA,"404",4,NA,1,336
"37",NA,NA,NA,"404",4,NA,1,337
"38",NA,NA,NA,"404",4,NA,1,338
"39",NA,NA,NA,"404",4,NA,1,339
"40",NA,NA,NA,"404",4,NA,1,340
"41",NA,NA,NA,"405",5,NA,1,341
"42",NA,NA,NA,"405",5,NA,1,342
"43",NA,NA,NA,"405",5,NA,1,343
"44",NA,NA,NA,"405",5,NA,1,344
"45",NA,NA,NA,"405",5,NA,1,345
"46",NA,NA,NA,"405",5,NA,1,346
"47",NA,NA,NA,"405",5,NA,1,347
"48",NA,NA,NA,"405",5,NA,1,348
"49",NA,NA,NA,"406",6,NA,1,349
"50",NA,NA,NA,"406",6,NA,1,350
"51",NA,NA,NA,"406",6,NA,1,351
"52",NA,NA,NA,"406",6,NA,1,352
"53",NA,NA,NA,"406",6,NA,1,353
"54",NA,NA,NA,"406",6,NA,1,354
"55",NA,NA,NA,"406",6,NA,1,355
"56",NA,NA,NA,"406",6,NA,1,356
"57",NA,NA,NA,"407",7,NA,1,357
"58",NA,NA,NA,"407",7,NA,1,358
"59",NA,NA,NA,"407",7,NA,1,359
"60",NA,NA,NA,"407",7,NA,1,360
"61",NA,NA,NA,"407",7,NA,1,361
"62",NA,NA,NA,"407",7,NA,1,362
"63",NA,NA,NA,"407",7,NA,1,363
"64",NA,NA,NA,"407",7,NA,1,364
"65",NA,NA,NA,"408",8,NA,1,365
"66",NA,NA,NA,"408",8,NA,1,366
"67",NA,NA,NA,"408",8,NA,1,367
"68",NA,NA,NA,"408",8,NA,1,368
"69",NA,NA,NA,"408",8,NA,1,369
"70",NA,NA,NA,"408",8,NA,1,370
"71",NA,NA,NA,"408",8,NA,1,371
"72",NA,NA,NA,"408",8,NA,1,372
"73",NA,NA,NA,"409",9,NA,1,373
"74",NA,NA,NA,"409",9,NA,1,374
"75",NA,NA,NA,"409",9,NA,1,375
"76",NA,NA,NA,"409",9,NA,1,376
"77",NA,NA,NA,"409",9,NA,1,377
"78",NA,NA,NA,"409",9,NA,1,378
"79",NA,NA,NA,"409",9,NA,1,379
"80",NA,NA,NA,"409",9,NA,1,380
"81",NA,NA,NA,"410",10,NA,1,381
"82",NA,NA,NA,"410",10,NA,1,382
"83",NA,NA,NA,"410",10,NA,1,383
"84",NA,NA,NA,"410",10,NA,1,384
"85",NA,NA,NA,"410",10,NA,1,385
"86",NA,NA,NA,"410",10,NA,1,386
"87",NA,NA,NA,"410",10,NA,1,387
"88",NA,NA,NA,"410",10,NA,1,388
"89",NA,NA,NA,"411",11,NA,1,389
"90",NA,NA,NA,"411",11,NA,1,390
"91",NA,NA,NA,"411",11,NA,1,391
"92",NA,NA,NA,"411",11,NA,1,392
"93",NA,NA,NA,"411",11,NA,1,393
"94",NA,NA,NA,"411",11,NA,1,394
"95",NA,NA,NA,"411",11,NA,1,395
"96",NA,NA,NA,"411",11,NA,1,396
"97",NA,NA,NA,"412",12,NA,1,397
"98",NA,NA,NA,"412",12,NA,1,398
"99",NA,NA,NA,"412",12,NA,1,399
"100",NA,NA,NA,"412",12,NA,1,400
"101",NA,NA,NA,"412",12,NA,1,401
"102",NA,NA,NA,"412",12,NA,1,402
"103",NA,NA,NA,"412",12,NA,1,403
"104",NA,NA,NA,"412",12,NA,1,404
"105",NA,NA,NA,"413",13,NA,1,405
"106",NA,NA,NA,"413",13,NA,1,406
"107",NA,NA,NA,"413",13,NA,1,407
"108",NA,NA,NA,"413",13,NA,1,408
"109",NA,NA,NA,"413",13,NA,1,409
"110",NA,NA,NA,"413",13,NA,1,410
"111",NA,NA,NA,"413",13,NA,1,411
"112",NA,NA,NA,"413",13,NA,1,412
"113",NA,NA,NA,"414",14,NA,1,413
"114",NA,NA,NA,"414",14,NA,1,414
"115",NA,NA,NA,"414",14,NA,1,415
"116",NA,NA,NA,"414",14,NA,1,416
"117",NA,NA,NA,"414",14,NA,1,417
"118",NA,NA,NA,"414",14,NA,1,418
"119",NA,NA,NA,"414",14,NA,1,419
"120",NA,NA,NA,"414",14,NA,1,420
"121",NA,NA,NA,"500",0,NA,1,421
"122",NA,NA,NA,"500",0,NA,1,422
"123",NA,NA,NA,"500",0,NA,1,423
"124",NA,NA,NA,"500",0,NA,1,424
"125",NA,NA,NA,"500",0,NA,1,425
"126",NA,NA,NA,"500",0,NA,1,426
"127",NA,NA,NA,"501",1,NA,1,427
"128",NA,NA,NA,"501",1,NA,1,428
"129",NA,NA,NA,"501",1,NA,1,429
"130",NA,NA,NA,"501",1,NA,1,430
"131",NA,NA,NA,"501",1,NA,1,431
"132",NA,NA,NA,"501",1,NA,1,432
"133",NA,NA,NA,"502",2,NA,1,433
"134",NA,NA,NA,"502",2,NA,1,434
"135",NA,NA,NA,"502",2,NA,1,435
"136",NA,NA,NA,"502",2,NA,1,436
"137",NA,NA,NA,"502",2,NA,1,437
"138",NA,NA,NA,"502",2,NA,1,438
"139",NA,NA,NA,"503",3,NA,1,439
"140",NA,NA,NA,"503",3,NA,1,440
"141",NA,NA,NA,"503",3,NA,1,441
"142",NA,NA,NA,"503",3,NA,1,442
"143",NA,NA,NA,"503",3,NA,1,443
"144",NA,NA,NA,"503",3,NA,1,444
"145",NA,NA,NA,"504",4,NA,1,445
"146",NA,NA,NA,"504",4,NA,1,446
"147",NA,NA,NA,"504",4,NA,1,447
"148",NA,NA,NA,"504",4,NA,1,448
"149",NA,NA,NA,"504",4,NA,1,449
"150",NA,NA,NA,"504",4,NA,1,450
"151",NA,NA,NA,"505",5,NA,1,451
"152",NA,NA,NA,"505",5,NA,1,452
"153",NA,NA,NA,"505",5,NA,1,453
"154",NA,NA,NA,"505",5,NA,1,454
"155",NA,NA,NA,"505",5,NA,1,455
"156",NA,NA,NA,"505",5,NA,1,456
"157",NA,NA,NA,"506",6,NA,1,457
"158",NA,NA,NA,"506",6,NA,1,458
"159",NA,NA,NA,"506",6,NA,1,459
"160",NA,NA,NA,"506",6,NA,1,460
"161",NA,NA,NA,"506",6,NA,1,461
"162",NA,NA,NA,"506",6,NA,1,462
"163",NA,NA,NA,"507",7,NA,1,463
"164",NA,NA,NA,"507",7,NA,1,464
"165",NA,NA,NA,"507",7,NA,1,465
"166",NA,NA,NA,"507",7,NA,1,466
"167",NA,NA,NA,"507",7,NA,1,467
"168",NA,NA,NA,"507",7,NA,1,468
"169",NA,NA,NA,"508",8,NA,1,469
"170",NA,NA,NA,"508",8,NA,1,470
"171",NA,NA,NA,"508",8,NA,1,471
"172",NA,NA,NA,"508",8,NA,1,472
"173",NA,NA,NA,"508",8,NA,1,473
"174",NA,NA,NA,"508",8,NA,1,474
"175",NA,NA,NA,"509",9,NA,1,475
"176",NA,NA,NA,"509",9,NA,1,476
"177",NA,NA,NA,"509",9,NA,1,477
"178",NA,NA,NA,"509",9,NA,1,478
"179",NA,NA,NA,"509",9,NA,1,479
"180",NA,NA,NA,"509",9,NA,1,480
"181",NA,NA,NA,"510",10,NA,1,481
"182",NA,NA,NA,"510",10,NA,1,482
"183",NA,NA,NA,"510",10,NA,1,483
"184",NA,NA,NA,"510",10,NA,1,484
"185",NA,NA,NA,"510",10,NA,1,485
"186",NA,NA,NA,"510",10,NA,1,486
"187",NA,NA,NA,"511",11,NA,1,487
"188",NA,NA,NA,"511",11,NA,1,488
"189",NA,NA,NA,"511",11,NA,1,489
"190",NA,NA,NA,"511",11,NA,1,490
"191",NA,NA,NA,"511",11,NA,1,491
"192",NA,NA,NA,"511",11,NA,1,492
"193",NA,NA,NA,"512",12,NA,1,493
"194",NA,NA,NA,"512",12,NA,1,494
"195",NA,NA,NA,"512",12,NA,1,495
"196",NA,NA,NA,"512",12,NA,1,496
"197",NA,NA,NA,"512",12,NA,1,497
"198",NA,NA,NA,"512",12,NA,1,498
"199",NA,NA,NA,"513",13,NA,1,499
"200",NA,NA,NA,"513",13,NA,1,500
"201",NA,NA,NA,"513",13,NA,1,501
"202",NA,NA,NA,"513",13,NA,1,502
"203",NA,NA,NA,"513",13,NA,1,503
"204",NA,NA,NA,"513",13,NA,1,504
"205",NA,NA,NA,"514",14,NA,1,505
"206",NA,NA,NA,"514",14,NA,1,506
"207",NA,NA,NA,"514",14,NA,1,507
"208",NA,NA,NA,"514",14,NA,1,508
"209",NA,NA,NA,"514",14,NA,1,509
"210",NA,NA,NA,"514",14,NA,1,510
"211",NA,NA,NA,"600",0,NA,1,511
"212",NA,NA,NA,"600",0,NA,1,512
"213",NA,NA,NA,"600",0,NA,1,513
"214",NA,NA,NA,"600",0,NA,1,514
"215",NA,NA,NA,"600",0,NA,1,515
"216",NA,NA,NA,"600",0,NA,1,516
"217",NA,NA,NA,"601",1,NA,1,517
"218",NA,NA,NA,"601",1,NA,1,518
"219",NA,NA,NA,"601",1,NA,1,519
"220",NA,NA,NA,"601",1,NA,1,520
"221",NA,NA,NA,"601",1,NA,1,521
"222",NA,NA,NA,"601",1,NA,1,522
"223",NA,NA,NA,"602",2,NA,1,523
"224",NA,NA,NA,"602",2,NA,1,524
"225",NA,NA,NA,"602",2,NA,1,525
"226",NA,NA,NA,"602",2,NA,1,526
"227",NA,NA,NA,"602",2,NA,1,527
"228",NA,NA,NA,"602",2,NA,1,528
"229",NA,NA,NA,"603",3,NA,1,529
"230",NA,NA,NA,"603",3,NA,1,530
"231",NA,NA,NA,"603",3,NA,1,531
"232",NA,NA,NA,"603",3,NA,1,532
"233",NA,NA,NA,"603",3,NA,1,533
"234",NA,NA,NA,"603",3,NA,1,534
"235",NA,NA,NA,"604",4,NA,1,535
"236",NA,NA,NA,"604",4,NA,1,536
"237",NA,NA,NA,"604",4,NA,1,537
"238",NA,NA,NA,"604",4,NA,1,538
"239",NA,NA,NA,"604",4,NA,1,539
"240",NA,NA,NA,"604",4,NA,1,540
"241",NA,NA,NA,"605",5,NA,1,541
"242",NA,NA,NA,"605",5,NA,1,542
"243",NA,NA,NA,"605",5,NA,1,543
"244",NA,NA,NA,"605",5,NA,1,544
"245",NA,NA,NA,"605",5,NA,1,545
"246",NA,NA,NA,"605",5,NA,1,546
"247",NA,NA,NA,"606",6,NA,1,547
"248",NA,NA,NA,"606",6,NA,1,548
"249",NA,NA,NA,"606",6,NA,1,549
"250",NA,NA,NA,"606",6,NA,1,550
"251",NA,NA,NA,"606",6,NA,1,551
"252",NA,NA,NA,"606",6,NA,1,552
"253",NA,NA,NA,"607",7,NA,1,553
"254",NA,NA,NA,"607",7,NA,1,554
"255",NA,NA,NA,"607",7,NA,1,555
"256",NA,NA,NA,"607",7,NA,1,556
"257",NA,NA,NA,"607",7,NA,1,557
"258",NA,NA,NA,"607",7,NA,1,558
"259",NA,NA,NA,"608",8,NA,1,559
"260",NA,NA,NA,"608",8,NA,1,560
"261",NA,NA,NA,"608",8,NA,1,561
"262",NA,NA,NA,"608",8,NA,1,562
"263",NA,NA,NA,"608",8,NA,1,563
"264",NA,NA,NA,"608",8,NA,1,564
"265",NA,NA,NA,"609",9,NA,1,565
"266",NA,NA,NA,"609",9,NA,1,566
"267",NA,NA,NA,"609",9,NA,1,567
"268",NA,NA,NA,"609",9,NA,1,568
"269",NA,NA,NA,"609",9,NA,1,569
"270",NA,NA,NA,"609",9,NA,1,570
"271",NA,NA,NA,"610",10,NA,1,571
"272",NA,NA,NA,"610",10,NA,1,572
"273",NA,NA,NA,"610",10,NA,1,573
"274",NA,NA,NA,"610",10,NA,1,574
"275",NA,NA,NA,"610",10,NA,1,575
"276",NA,NA,NA,"610",10,NA,1,576
"277",NA,NA,NA,"611",11,NA,1,577
"278",NA,NA,NA,"611",11,NA,1,578
"279",NA,NA,NA,"611",11,NA,1,579
"280",NA,NA,NA,"611",11,NA,1,580
"281",NA,NA,NA,"611",11,NA,1,581
"282",NA,NA,NA,"611",11,NA,1,582
"283",NA,NA,NA,"612",12,NA,1,583
"284",NA,NA,NA,"612",12,NA,1,584
"285",NA,NA,NA,"612",12,NA,1,585
"286",NA,NA,NA,"612",12,NA,1,586
"287",NA,NA,NA,"612",12,NA,1,587
"288",NA,NA,NA,"612",12,NA,1,588
"289",NA,NA,NA,"613",13,NA,1,589
"290",NA,NA,NA,"613",13,NA,1,590
"291",NA,NA,NA,"613",13,NA,1,591
"292",NA,NA,NA,"613",13,NA,1,592
"293",NA,NA,NA,"613",13,NA,1,593
"294",NA,NA,NA,"613",13,NA,1,594
"295",NA,NA,NA,"614",14,NA,1,595
"296",NA,NA,NA,"614",14,NA,1,596
"297",NA,NA,NA,"614",14,NA,1,597
"298",NA,NA,NA,"614",14,NA,1,598
"299",NA,NA,NA,"614",14,NA,1,599
"300",NA,NA,NA,"614",14,NA,1,600
"301",NA,NA,NA,"700",0,NA,1,601
"302",NA,NA,NA,"700",0,NA,1,602
"303",NA,NA,NA,"700",0,NA,1,603
"304",NA,NA,NA,"700",0,NA,1,604
"305",NA,NA,NA,"700",0,NA,1,605
"306",NA,NA,NA,"700",0,NA,1,606
"307",NA,NA,NA,"701",1,NA,1,607
"308",NA,NA,NA,"701",1,NA,1,608
"309",NA,NA,NA,"701",1,NA,1,609
"310",NA,NA,NA,"701",1,NA,1,610
"311",NA,NA,NA,"701",1,NA,1,611
"312",NA,NA,NA,"701",1,NA,1,612
"313",NA,NA,NA,"702",2,NA,1,613
"314",NA,NA,NA,"702",2,NA,1,614
"315",NA,NA,NA,"702",2,NA,1,615
"316",NA,NA,NA,"702",2,NA,1,616
"317",NA,NA,NA,"702",2,NA,1,617
"318",NA,NA,NA,"702",2,NA,1,618
"319",NA,NA,NA,"703",3,NA,1,619
"320",NA,NA,NA,"703",3,NA,1,620
"321",NA,NA,NA,"703",3,NA,1,621
"322",NA,NA,NA,"703",3,NA,1,622
"323",NA,NA,NA,"703",3,NA,1,623
"324",NA,NA,NA,"703",3,NA,1,624
"325",NA,NA,NA,"704",4,NA,1,625
"326",NA,NA,NA,"704",4,NA,1,626
"327",NA,NA,NA,"704",4,NA,1,627
"328",NA,NA,NA,"704",4,NA,1,628
"329",NA,NA,NA,"704",4,NA,1,629
"330",NA,NA,NA,"704",4,NA,1,630
"331",NA,NA,NA,"705",5,NA,1,631
"332",NA,NA,NA,"705",5,NA,1,632
"333",NA,NA,NA,"705",5,NA,1,633
"334",NA,NA,NA,"705",5,NA,1,634
"335",NA,NA,NA,"705",5,NA,1,635
"336",NA,NA,NA,"705",5,NA,1,636
"337",NA,NA,NA,"706",6,NA,1,637
"338",NA,NA,NA,"706",6,NA,1,638
"339",NA,NA,NA,"706",6,NA,1,639
"340",NA,NA,NA,"706",6,NA,1,640
"341",NA,NA,NA,"706",6,NA,1,641
"342",NA,NA,NA,"706",6,NA,1,642
"343",NA,NA,NA,"707",7,NA,1,643
"344",NA,NA,NA,"707",7,NA,1,644
"345",NA,NA,NA,"707",7,NA,1,645
"346",NA,NA,NA,"707",7,NA,1,646
"347",NA,NA,NA,"707",7,NA,1,647
"348",NA,NA,NA,"707",7,NA,1,648
"349",NA,NA,NA,"708",8,NA,1,649
"350",NA,NA,NA,"708",8,NA,1,650
"351",NA,NA,NA,"708",8,NA,1,651
"352",NA,NA,NA,"708",8,NA,1,652
"353",NA,NA,NA,"708",8,NA,1,653
"354",NA,NA,NA,"708",8,NA,1,654
"355",NA,NA,NA,"709",9,NA,1,655
"356",NA,NA,NA,"709",9,NA,1,656
"357",NA,NA,NA,"709",9,NA,1,657
"358",NA,NA,NA,"709",9,NA,1,658
"359",NA,NA,NA,"709",9,NA,1,659
"360",NA,NA,NA,"709",9,NA,1,660
"361",NA,NA,NA,"710",10,NA,1,661
"362",NA,NA,NA,"710",10,NA,1,662
"363",NA,NA,NA,"710",10,NA,1,663
"364",NA,NA,NA,"710",10,NA,1,664
"365",NA,NA,NA,"710",10,NA,1,665
"366",NA,NA,NA,"710",10,NA,1,666
"367",NA,NA,NA,"711",11,NA,1,667
"368",NA,NA,NA,"711",11,NA,1,668
"369",NA,NA,NA,"711",11,NA,1,669
"370",NA,NA,NA,"711",11,NA,1,670
"371",NA,NA,NA,"711",11,NA,1,671
"372",NA,NA,NA,"711",11,NA,1,672
"373",NA,NA,NA,"712",12,NA,1,673
"374",NA,NA,NA,"712",12,NA,1,674
"375",NA,NA,NA,"712",12,NA,1,675
"376",NA,NA,NA,"712",12,NA,1,676
"377",NA,NA,NA,"712",12,NA,1,677
"378",NA,NA,NA,"712",12,NA,1,678
"379",NA,NA,NA,"713",13,NA,1,679
"380",NA,NA,NA,"713",13,NA,1,680
"381",NA,NA,NA,"713",13,NA,1,681
"382",NA,NA,NA,"713",13,NA,1,682
"383",NA,NA,NA,"713",13,NA,1,683
"384",NA,NA,NA,"713",13,NA,1,684
"385",NA,NA,NA,"714",14,NA,1,685
"386",NA,NA,NA,"714",14,NA,1,686
"387",NA,NA,NA,"714",14,NA,1,687
"388",NA,NA,NA,"714",14,NA,1,688
"389",NA,NA,NA,"714",14,NA,1,689
"390",NA,NA,NA,"714",14,NA,1,690
"391",NA,NA,NA,"800",0,NA,1,691
"392",NA,NA,NA,"800",0,NA,1,692
"393",NA,NA,NA,"800",0,NA,1,693
"394",NA,NA,NA,"801",1,NA,1,694
"395",NA,NA,NA,"801",1,NA,1,695
"396",NA,NA,NA,"801",1,NA,1,696
"397",NA,NA,NA,"802",2,NA,1,697
"398",NA,NA,NA,"802",2,NA,1,698
"399",NA,NA,NA,"802",2,NA,1,699
"400",NA,NA,NA,"803",3,NA,1,700
"401",NA,NA,NA,"803",3,NA,1,701
"402",NA,NA,NA,"803",3,NA,1,702
"403",NA,NA,NA,"804",4,NA,1,703
"404",NA,NA,NA,"804",4,NA,1,704
"405",NA,NA,NA,"804",4,NA,1,705
"406",NA,NA,NA,"805",5,NA,1,706
"407",NA,NA,NA,"805",5,NA,1,707
"408",NA,NA,NA,"805",5,NA,1,708
"409",NA,NA,NA,"806",6,NA,1,709
"410",NA,NA,NA,"806",6,NA,1,710
"411",NA,NA,NA,"806",6,NA,1,711
"412",NA,NA,NA,"807",7,NA,1,712
"413",NA,NA,NA,"807",7,NA,1,713
"414",NA,NA,NA,"807",7,NA,1,714
"415",NA,NA,NA,"808",8,NA,1,715
"416",NA,NA,NA,"808",8,NA,1,716
"417",NA,NA,NA,"808",8,NA,1,717
"418",NA,NA,NA,"809",9,NA,1,718
"419",NA,NA,NA,"809",9,NA,1,719
"420",NA,NA,NA,"809",9,NA,1,720
"421",NA,NA,NA,"810",10,NA,1,721
"422",NA,NA,NA,"810",10,NA,1,722
"423",NA,NA,NA,"810",10,NA,1,723
"424",NA,NA,NA,"811",11,NA,1,724
"425",NA,NA,NA,"811",11,NA,1,725
"426",NA,NA,NA,"811",11,NA,1,726
"427",NA,NA,NA,"812",12,NA,1,727
"428",NA,NA,NA,"812",12,NA,1,728
"429",NA,NA,NA,"812",12,NA,1,729
"430",NA,NA,NA,"813",13,NA,1,730
"431",NA,NA,NA,"813",13,NA,1,731
"432",NA,NA,NA,"813",13,NA,1,732
"433",NA,NA,NA,"814",14,NA,1,733
"434",NA,NA,NA,"814",14,NA,1,734
"435",NA,NA,NA,"814",14,NA,1,735
"436",NA,NA,NA,"900",0,NA,1,736
"437",NA,NA,NA,"900",0,NA,1,737
"438",NA,NA,NA,"900",0,NA,1,738
"439",NA,NA,NA,"900",0,NA,1,739
"440",NA,NA,NA,"900",0,NA,1,740
"441",NA,NA,NA,"901",1,NA,1,741
"442",NA,NA,NA,"901",1,NA,1,742
"443",NA,NA,NA,"901",1,NA,1,743
"444",NA,NA,NA,"901",1,NA,1,744
"445",NA,NA,NA,"901",1,NA,1,745
"446",NA,NA,NA,"902",2,NA,1,746
"447",NA,NA,NA,"902",2,NA,1,747
"448",NA,NA,NA,"902",2,NA,1,748
"449",NA,NA,NA,"902",2,NA,1,749
"450",NA,NA,NA,"902",2,NA,1,750
"451",NA,NA,NA,"903",3,NA,1,751
"452",NA,NA,NA,"903",3,NA,1,752
"453",NA,NA,NA,"903",3,NA,1,753
"454",NA,NA,NA,"903",3,NA,1,754
"455",NA,NA,NA,"903",3,NA,1,755
"456",NA,NA,NA,"904",4,NA,1,756
"457",NA,NA,NA,"904",4,NA,1,757
"458",NA,NA,NA,"904",4,NA,1,758
"459",NA,NA,NA,"904",4,NA,1,759
"460",NA,NA,NA,"904",4,NA,1,760
"461",NA,NA,NA,"905",5,NA,1,761
"462",NA,NA,NA,"905",5,NA,1,762
"463",NA,NA,NA,"905",5,NA,1,763
"464",NA,NA,NA,"905",5,NA,1,764
"465",NA,NA,NA,"905",5,NA,1,765
"466",NA,NA,NA,"906",6,NA,1,766
"467",NA,NA,NA,"906",6,NA,1,767
"468",NA,NA,NA,"906",6,NA,1,768
"469",NA,NA,NA,"906",6,NA,1,769
"470",NA,NA,NA,"906",6,NA,1,770
"471",NA,NA,NA,"907",7,NA,1,771
"472",NA,NA,NA,"907",7,NA,1,772
"473",NA,NA,NA,"907",7,NA,1,773
"474",NA,NA,NA,"907",7,NA,1,774
"475",NA,NA,NA,"907",7,NA,1,775
"476",NA,NA,NA,"908",8,NA,1,776
"477",NA,NA,NA,"908",8,NA,1,777
"478",NA,NA,NA,"908",8,NA,1,778
"479",NA,NA,NA,"908",8,NA,1,779
"480",NA,NA,NA,"908",8,NA,1,780
"481",NA,NA,NA,"909",9,NA,1,781
"482",NA,NA,NA,"909",9,NA,1,782
"483",NA,NA,NA,"909",9,NA,1,783
"484",NA,NA,NA,"909",9,NA,1,784
"485",NA,NA,NA,"909",9,NA,1,785
"486",NA,NA,NA,"910",10,NA,1,786
"487",NA,NA,NA,"910",10,NA,1,787
"488",NA,NA,NA,"910",10,NA,1,788
"489",NA,NA,NA,"910",10,NA,1,789
"490",NA,NA,NA,"910",10,NA,1,790
"491",NA,NA,NA,"911",11,NA,1,791
"492",NA,NA,NA,"911",11,NA,1,792
"493",NA,NA,NA,"911",11,NA,1,793
"494",NA,NA,NA,"911",11,NA,1,794
"495",NA,NA,NA,"911",11,NA,1,795
"496",NA,NA,NA,"912",12,NA,1,796
"497",NA,NA,NA,"912",12,NA,1,797
"498",NA,NA,NA,"912",12,NA,1,798
"499",NA,NA,NA,"912",12,NA,1,799
"500",NA,NA,NA,"912",12,NA,1,800
"501",NA,NA,NA,"913",13,NA,1,801
"502",NA,NA,NA,"913",13,NA,1,802
"503",NA,NA,NA,"913",13,NA,1,803
"504",NA,NA,NA,"913",13,NA,1,804
"505",NA,NA,NA,"913",13,NA,1,805
"506",NA,NA,NA,"914",14,NA,1,806
"507",NA,NA,NA,"914",14,NA,1,807
"508",NA,NA,NA,"914",14,NA,1,808
"509",NA,NA,NA,"914",14,NA,1,809
"510",NA,NA,NA,"914",14,NA,1,810
"511",NA,NA,NA,"1000",0,NA,1,811
"512",NA,NA,NA,"1000",0,NA,1,812
"513",NA,NA,NA,"1000",0,NA,1,813
"514",NA,NA,NA,"1001",1,NA,1,814
"515",NA,NA,NA,"1001",1,NA,1,815
"516",NA,NA,NA,"1001",1,NA,1,816
"517",NA,NA,NA,"1002",2,NA,1,817
"518",NA,NA,NA,"1002",2,NA,1,818
"519",NA,NA,NA,"1002",2,NA,1,819
"520",NA,NA,NA,"1003",3,NA,1,820
"521",NA,NA,NA,"1003",3,NA,1,821
"522",NA,NA,NA,"1003",3,NA,1,822
"523",NA,NA,NA,"1004",4,NA,1,823
"524",NA,NA,NA,"1004",4,NA,1,824
"525",NA,NA,NA,"1004",4,NA,1,825
"526",NA,NA,NA,"1005",5,NA,1,826
"527",NA,NA,NA,"1005",5,NA,1,827
"528",NA,NA,NA,"1005",5,NA,1,828
"529",NA,NA,NA,"1006",6,NA,1,829
"530",NA,NA,NA,"1006",6,NA,1,830
"531",NA,NA,NA,"1006",6,NA,1,831
"532",NA,NA,NA,"1007",7,NA,1,832
"533",NA,NA,NA,"1007",7,NA,1,833
"534",NA,NA,NA,"1007",7,NA,1,834
"535",NA,NA,NA,"1008",8,NA,1,835
"536",NA,NA,NA,"1008",8,NA,1,836
"537",NA,NA,NA,"1008",8,NA,1,837
"538",NA,NA,NA,"1009",9,NA,1,838
"539",NA,NA,NA,"1009",9,NA,1,839
"540",NA,NA,NA,"1009",9,NA,1,840
"541",NA,NA,NA,"1010",10,NA,1,841
"542",NA,NA,NA,"1010",10,NA,1,842
"543",NA,NA,NA,"1010",10,NA,1,843
"544",NA,NA,NA,"1011",11,NA,1,844
"545",NA,NA,NA,"1011",11,NA,1,845
"546",NA,NA,NA,"1011",11,NA,1,846
"547",NA,NA,NA,"1012",12,NA,1,847
"548",NA,NA,NA,"1012",12,NA,1,848
"549",NA,NA,NA,"1012",12,NA,1,849
"550",NA,NA,NA,"1013",13,NA,1,850
"551",NA,NA,NA,"1013",13,NA,1,851
"552",NA,NA,NA,"1013",13,NA,1,852
"553",NA,NA,NA,"1014",14,NA,1,853
"554",NA,NA,NA,"1014",14,NA,1,854
"555",NA,NA,NA,"1014",14,NA,1,855
"556",NA,NA,NA,"1100",0,NA,1,856
"557",NA,NA,NA,"1100",0,NA,1,857
"558",NA,NA,NA,"1100",0,NA,1,858
"559",NA,NA,NA,"1100",0,NA,1,859
"560",NA,NA,NA,"1101",1,NA,1,860
"561",NA,NA,NA,"1101",1,NA,1,861
"562",NA,NA,NA,"1101",1,NA,1,862
"563",NA,NA,NA,"1101",1,NA,1,863
"564",NA,NA,NA,"1102",2,NA,1,864
"565",NA,NA,NA,"1102",2,NA,1,865
"566",NA,NA,NA,"1102",2,NA,1,866
"567",NA,NA,NA,"1102",2,NA,1,867
"568",NA,NA,NA,"1103",3,NA,1,868
"569",NA,NA,NA,"1103",3,NA,1,869
"570",NA,NA,NA,"1103",3,NA,1,870
"571",NA,NA,NA,"1103",3,NA,1,871
"572",NA,NA,NA,"1104",4,NA,1,872
"573",NA,NA,NA,"1104",4,NA,1,873
"574",NA,NA,NA,"1104",4,NA,1,874
"575",NA,NA,NA,"1104",4,NA,1,875
"576",NA,NA,NA,"1105",5,NA,1,876
"577",NA,NA,NA,"1105",5,NA,1,877
"578",NA,NA,NA,"1105",5,NA,1,878
"579",NA,NA,NA,"1105",5,NA,1,879
"580",NA,NA,NA,"1106",6,NA,1,880
"581",NA,NA,NA,"1106",6,NA,1,881
"582",NA,NA,NA,"1106",6,NA,1,882
"583",NA,NA,NA,"1106",6,NA,1,883
"584",NA,NA,NA,"1107",7,NA,1,884
"585",NA,NA,NA,"1107",7,NA,1,885
"586",NA,NA,NA,"1107",7,NA,1,886
"587",NA,NA,NA,"1107",7,NA,1,887
"588",NA,NA,NA,"1108",8,NA,1,888
"589",NA,NA,NA,"1108",8,NA,1,889
"590",NA,NA,NA,"1108",8,NA,1,890
"591",NA,NA,NA,"1108",8,NA,1,891
"592",NA,NA,NA,"1109",9,NA,1,892
"593",NA,NA,NA,"1109",9,NA,1,893
"594",NA,NA,NA,"1109",9,NA,1,894
"595",NA,NA,NA,"1109",9,NA,1,895
"596",NA,NA,NA,"1110",10,NA,1,896
"597",NA,NA,NA,"1110",10,NA,1,897
"598",NA,NA,NA,"1110",10,NA,1,898
"599",NA,NA,NA,"1110",10,NA,1,899
"600",NA,NA,NA,"1111",11,NA,1,900
"601",NA,NA,NA,"1111",11,NA,1,901
"602",NA,NA,NA,"1111",11,NA,1,902
"603",NA,NA,NA,"1111",11,NA,1,903
"604",NA,NA,NA,"1112",12,NA,1,904
"605",NA,NA,NA,"1112",12,NA,1,905
"606",NA,NA,NA,"1112",12,NA,1,906
"607",NA,NA,NA,"1112",12,NA,1,907
"608",NA,NA,NA,"1113",13,NA,1,908
"609",NA,NA,NA,"1113",13,NA,1,909
"610",NA,NA,NA,"1113",13,NA,1,910
"611",NA,NA,NA,"1113",13,NA,1,911
"612",NA,NA,NA,"1114",14,NA,1,912
"613",NA,NA,NA,"1114",14,NA,1,913
"614",NA,NA,NA,"1114",14,NA,1,914
"615",NA,NA,NA,"1114",14,NA,1,915
"616",NA,NA,NA,"1200",0,NA,1,916
"617",NA,NA,NA,"1200",0,NA,1,917
"618",NA,NA,NA,"1200",0,NA,1,918
"619",NA,NA,NA,"1201",1,NA,1,919
"620",NA,NA,NA,"1201",1,NA,1,920
"621",NA,NA,NA,"1201",1,NA,1,921
"622",NA,NA,NA,"1202",2,NA,1,922
"623",NA,NA,NA,"1202",2,NA,1,923
"624",NA,NA,NA,"1202",2,NA,1,924
"625",NA,NA,NA,"1203",3,NA,1,925
"626",NA,NA,NA,"1203",3,NA,1,926
"627",NA,NA,NA,"1203",3,NA,1,927
"628",NA,NA,NA,"1204",4,NA,1,928
"629",NA,NA,NA,"1204",4,NA,1,929
"630",NA,NA,NA,"1204",4,NA,1,930
"631",NA,NA,NA,"1205",5,NA,1,931
"632",NA,NA,NA,"1205",5,NA,1,932
"633",NA,NA,NA,"1205",5,NA,1,933
"634",NA,NA,NA,"1206",6,NA,1,934
"635",NA,NA,NA,"1206",6,NA,1,935
"636",NA,NA,NA,"1206",6,NA,1,936
"637",NA,NA,NA,"1207",7,NA,1,937
"638",NA,NA,NA,"1207",7,NA,1,938
"639",NA,NA,NA,"1207",7,NA,1,939
"640",NA,NA,NA,"1208",8,NA,1,940
"641",NA,NA,NA,"1208",8,NA,1,941
"642",NA,NA,NA,"1208",8,NA,1,942
"643",NA,NA,NA,"1209",9,NA,1,943
"644",NA,NA,NA,"1209",9,NA,1,944
"645",NA,NA,NA,"1209",9,NA,1,945
"646",NA,NA,NA,"1210",10,NA,1,946
"647",NA,NA,NA,"1210",10,NA,1,947
"648",NA,NA,NA,"1210",10,NA,1,948
"649",NA,NA,NA,"1211",11,NA,1,949
"650",NA,NA,NA,"1211",11,NA,1,950
"651",NA,NA,NA,"1211",11,NA,1,951
"652",NA,NA,NA,"1212",12,NA,1,952
"653",NA,NA,NA,"1212",12,NA,1,953
"654",NA,NA,NA,"1212",12,NA,1,954
"655",NA,NA,NA,"1213",13,NA,1,955
"656",NA,NA,NA,"1213",13,NA,1,956
"657",NA,NA,NA,"1213",13,NA,1,957
"658",NA,NA,NA,"1214",14,NA,1,958
"659",NA,NA,NA,"1214",14,NA,1,959
"660",NA,NA,NA,"1214",14,NA,1,960
"661",NA,NA,NA,"1300",0,NA,1,961
"662",NA,NA,NA,"1300",0,NA,1,962
"663",NA,NA,NA,"1300",0,NA,1,963
"664",NA,NA,NA,"1300",0,NA,1,964
"665",NA,NA,NA,"1301",1,NA,1,965
"666",NA,NA,NA,"1301",1,NA,1,966
"667",NA,NA,NA,"1301",1,NA,1,967
"668",NA,NA,NA,"1301",1,NA,1,968
"669",NA,NA,NA,"1302",2,NA,1,969
"670",NA,NA,NA,"1302",2,NA,1,970
"671",NA,NA,NA,"1302",2,NA,1,971
"672",NA,NA,NA,"1302",2,NA,1,972
"673",NA,NA,NA,"1303",3,NA,1,973
"674",NA,NA,NA,"1303",3,NA,1,974
"675",NA,NA,NA,"1303",3,NA,1,975
"676",NA,NA,NA,"1303",3,NA,1,976
"677",NA,NA,NA,"1304",4,NA,1,977
"678",NA,NA,NA,"1304",4,NA,1,978
"679",NA,NA,NA,"1304",4,NA,1,979
"680",NA,NA,NA,"1304",4,NA,1,980
"681",NA,NA,NA,"1305",5,NA,1,981
"682",NA,NA,NA,"1305",5,NA,1,982
"683",NA,NA,NA,"1305",5,NA,1,983
"684",NA,NA,NA,"1305",5,NA,1,984
"685",NA,NA,NA,"1306",6,NA,1,985
"686",NA,NA,NA,"1306",6,NA,1,986
"687",NA,NA,NA,"1306",6,NA,1,987
"688",NA,NA,NA,"1306",6,NA,1,988
"689",NA,NA,NA,"1307",7,NA,1,989
"690",NA,NA,NA,"1307",7,NA,1,990
"691",NA,NA,NA,"1307",7,NA,1,991
"692",NA,NA,NA,"1307",7,NA,1,992
"693",NA,NA,NA,"1308",8,NA,1,993
"694",NA,NA,NA,"1308",8,NA,1,994
"695",NA,NA,NA,"1308",8,NA,1,995
"696",NA,NA,NA,"1308",8,NA,1,996
"697",NA,NA,NA,"1309",9,NA,1,997
"698",NA,NA,NA,"1309",9,NA,1,998
"699",NA,NA,NA,"1309",9,NA,1,999
"700",NA,NA,NA,"1309",9,NA,1,1000
"701",NA,NA,NA,"1310",10,NA,1,1001
"702",NA,NA,NA,"1310",10,NA,1,1002
"703",NA,NA,NA,"1310",10,NA,1,1003
"704",NA,NA,NA,"1310",10,NA,1,1004
"705",NA,NA,NA,"1311",11,NA,1,1005
"706",NA,NA,NA,"1311",11,NA,1,1006
"707",NA,NA,NA,"1311",11,NA,1,1007
"708",NA,NA,NA,"1311",11,NA,1,1008
"709",NA,NA,NA,"1312",12,NA,1,1009
"710",NA,NA,NA,"1312",12,NA,1,1010
"711",NA,NA,NA,"1312",12,NA,1,1011
"712",NA,NA,NA,"1312",12,NA,1,1012
"713",NA,NA,NA,"1313",13,NA,1,1013
"714",NA,NA,NA,"1313",13,NA,1,1014
"715",NA,NA,NA,"1313",13,NA,1,1015
"716",NA,NA,NA,"1313",13,NA,1,1016
"717",NA,NA,NA,"1314",14,NA,1,1017
"718",NA,NA,NA,"1314",14,NA,1,1018
"719",NA,NA,NA,"1314",14,NA,1,1019
"720",NA,NA,NA,"1314",14,NA,1,1020
"721",NA,NA,NA,"1400",0,NA,1,1021
"722",NA,NA,NA,"1400",0,NA,1,1022
"723",NA,NA,NA,"1400",0,NA,1,1023
"724",NA,NA,NA,"1401",1,NA,1,1024
"725",NA,NA,NA,"1401",1,NA,1,1025
"726",NA,NA,NA,"1401",1,NA,1,1026
"727",NA,NA,NA,"1402",2,NA,1,1027
"728",NA,NA,NA,"1402",2,NA,1,1028
"729",NA,NA,NA,"1402",2,NA,1,1029
"730",NA,NA,NA,"1403",3,NA,1,1030
"731",NA,NA,NA,"1403",3,NA,1,1031
"732",NA,NA,NA,"1403",3,NA,1,1032
"733",NA,NA,NA,"1404",4,NA,1,1033
"734",NA,NA,NA,"1404",4,NA,1,1034
"735",NA,NA,NA,"1404",4,NA,1,1035
"736",NA,NA,NA,"1405",5,NA,1,1036
"737",NA,NA,NA,"1405",5,NA,1,1037
"738",NA,NA,NA,"1405",5,NA,1,1038
"739",NA,NA,NA,"1406",6,NA,1,1039
"740",NA,NA,NA,"1406",6,NA,1,1040
"741",NA,NA,NA,"1406",6,NA,1,1041
"742",NA,NA,NA,"1407",7,NA,1,1042
"743",NA,NA,NA,"1407",7,NA,1,1043
"744",NA,NA,NA,"1407",7,NA,1,1044
"745",NA,NA,NA,"1408",8,NA,1,1045
"746",NA,NA,NA,"1408",8,NA,1,1046
"747",NA,NA,NA,"1408",8,NA,1,1047
"748",NA,NA,NA,"1409",9,NA,1,1048
"749",NA,NA,NA,"1409",9,NA,1,1049
"750",NA,NA,NA,"1409",9,NA,1,1050
"751",NA,NA,NA,"1410",10,NA,1,1051
"752",NA,NA,NA,"1410",10,NA,1,1052
"753",NA,NA,NA,"1410",10,NA,1,1053
"754",NA,NA,NA,"1411",11,NA,1,1054
"755",NA,NA,NA,"1411",11,NA,1,1055
"756",NA,NA,NA,"1411",11,NA,1,1056
"757",NA,NA,NA,"1412",12,NA,1,1057
"758",NA,NA,NA,"1412",12,NA,1,1058
"759",NA,NA,NA,"1412",12,NA,1,1059
"760",NA,NA,NA,"1413",13,NA,1,1060
"761",NA,NA,NA,"1413",13,NA,1,1061
"762",NA,NA,NA,"1413",13,NA,1,1062
"763",NA,NA,NA,"1414",14,NA,1,1063
"764",NA,NA,NA,"1414",14,NA,1,1064
"765",NA,NA,NA,"1414",14,NA,1,1065
"766",NA,NA,NA,"1500",0,NA,1,1066
"767",NA,NA,NA,"1500",0,NA,1,1067
"768",NA,NA,NA,"1500",0,NA,1,1068
"769",NA,NA,NA,"1501",1,NA,1,1069
"770",NA,NA,NA,"1501",1,NA,1,1070
"771",NA,NA,NA,"1501",1,NA,1,1071
"772",NA,NA,NA,"1502",2,NA,1,1072
"773",NA,NA,NA,"1502",2,NA,1,1073
"774",NA,NA,NA,"1502",2,NA,1,1074
"775",NA,NA,NA,"1503",3,NA,1,1075
"776",NA,NA,NA,"1503",3,NA,1,1076
"777",NA,NA,NA,"1503",3,NA,1,1077
"778",NA,NA,NA,"1504",4,NA,1,1078
"779",NA,NA,NA,"1504",4,NA,1,1079
"780",NA,NA,NA,"1504",4,NA,1,1080
"781",NA,NA,NA,"1505",5,NA,1,1081
"782",NA,NA,NA,"1505",5,NA,1,1082
"783",NA,NA,NA,"1505",5,NA,1,1083
"784",NA,NA,NA,"1506",6,NA,1,1084
"785",NA,NA,NA,"1506",6,NA,1,1085
"786",NA,NA,NA,"1506",6,NA,1,1086
"787",NA,NA,NA,"1507",7,NA,1,1087
"788",NA,NA,NA,"1507",7,NA,1,1088
"789",NA,NA,NA,"1507",7,NA,1,1089
"790",NA,NA,NA,"1508",8,NA,1,1090
"791",NA,NA,NA,"1508",8,NA,1,1091
"792",NA,NA,NA,"1508",8,NA,1,1092
"793",NA,NA,NA,"1509",9,NA,1,1093
"794",NA,NA,NA,"1509",9,NA,1,1094
"795",NA,NA,NA,"1509",9,NA,1,1095
"796",NA,NA,NA,"1510",10,NA,1,1096
"797",NA,NA,NA,"1510",10,NA,1,1097
"798",NA,NA,NA,"1510",10,NA,1,1098
"799",NA,NA,NA,"1511",11,NA,1,1099
"800",NA,NA,NA,"1511",11,NA,1,1100
"801",NA,NA,NA,"1511",11,NA,1,1101
"802",NA,NA,NA,"1512",12,NA,1,1102
"803",NA,NA,NA,"1512",12,NA,1,1103
"804",NA,NA,NA,"1512",12,NA,1,1104
"805",NA,NA,NA,"1513",13,NA,1,1105
"806",NA,NA,NA,"1513",13,NA,1,1106
"807",NA,NA,NA,"1513",13,NA,1,1107
"808",NA,NA,NA,"1514",14,NA,1,1108
"809",NA,NA,NA,"1514",14,NA,1,1109
"810",NA,NA,NA,"1514",14,NA,1,1110
"811",NA,NA,NA,"1600",0,NA,1,1111
"812",NA,NA,NA,"1600",0,NA,1,1112
"813",NA,NA,NA,"1600",0,NA,1,1113
"814",NA,NA,NA,"1600",0,NA,1,1114
"815",NA,NA,NA,"1600",0,NA,1,1115
"816",NA,NA,NA,"1601",1,NA,1,1116
"817",NA,NA,NA,"1601",1,NA,1,1117
"818",NA,NA,NA,"1601",1,NA,1,1118
"819",NA,NA,NA,"1601",1,NA,1,1119
"820",NA,NA,NA,"1601",1,NA,1,1120
"821",NA,NA,NA,"1602",2,NA,1,1121
"822",NA,NA,NA,"1602",2,NA,1,1122
"823",NA,NA,NA,"1602",2,NA,1,1123
"824",NA,NA,NA,"1602",2,NA,1,1124
"825",NA,NA,NA,"1602",2,NA,1,1125
"826",NA,NA,NA,"1603",3,NA,1,1126
"827",NA,NA,NA,"1603",3,NA,1,1127
"828",NA,NA,NA,"1603",3,NA,1,1128
"829",NA,NA,NA,"1603",3,NA,1,1129
"830",NA,NA,NA,"1603",3,NA,1,1130
"831",NA,NA,NA,"1604",4,NA,1,1131
"832",NA,NA,NA,"1604",4,NA,1,1132
"833",NA,NA,NA,"1604",4,NA,1,1133
"834",NA,NA,NA,"1604",4,NA,1,1134
"835",NA,NA,NA,"1604",4,NA,1,1135
"836",NA,NA,NA,"1605",5,NA,1,1136
"837",NA,NA,NA,"1605",5,NA,1,1137
"838",NA,NA,NA,"1605",5,NA,1,1138
"839",NA,NA,NA,"1605",5,NA,1,1139
"840",NA,NA,NA,"1605",5,NA,1,1140
"841",NA,NA,NA,"1606",6,NA,1,1141
"842",NA,NA,NA,"1606",6,NA,1,1142
"843",NA,NA,NA,"1606",6,NA,1,1143
"844",NA,NA,NA,"1606",6,NA,1,1144
"845",NA,NA,NA,"1606",6,NA,1,1145
"846",NA,NA,NA,"1607",7,NA,1,1146
"847",NA,NA,NA,"1607",7,NA,1,1147
"848",NA,NA,NA,"1607",7,NA,1,1148
"849",NA,NA,NA,"1607",7,NA,1,1149
"850",NA,NA,NA,"1607",7,NA,1,1150
"851",NA,NA,NA,"1608",8,NA,1,1151
"852",NA,NA,NA,"1608",8,NA,1,1152
"853",NA,NA,NA,"1608",8,NA,1,1153
"854",NA,NA,NA,"1608",8,NA,1,1154
"855",NA,NA,NA,"1608",8,NA,1,1155
"856",NA,NA,NA,"1609",9,NA,1,1156
"857",NA,NA,NA,"1609",9,NA,1,1157
"858",NA,NA,NA,"1609",9,NA,1,1158
"859",NA,NA,NA,"1609",9,NA,1,1159
"860",NA,NA,NA,"1609",9,NA,1,1160
"861",NA,NA,NA,"1610",10,NA,1,1161
"862",NA,NA,NA,"1610",10,NA,1,1162
"863",NA,NA,NA,"1610",10,NA,1,1163
"864",NA,NA,NA,"1610",10,NA,1,1164
"865",NA,NA,NA,"1610",10,NA,1,1165
"866",NA,NA,NA,"1611",11,NA,1,1166
"867",NA,NA,NA,"1611",11,NA,1,1167
"868",NA,NA,NA,"1611",11,NA,1,1168
"869",NA,NA,NA,"1611",11,NA,1,1169
"870",NA,NA,NA,"1611",11,NA,1,1170
"871",NA,NA,NA,"1612",12,NA,1,1171
"872",NA,NA,NA,"1612",12,NA,1,1172
"873",NA,NA,NA,"1612",12,NA,1,1173
"874",NA,NA,NA,"1612",12,NA,1,1174
"875",NA,NA,NA,"1612",12,NA,1,1175
"876",NA,NA,NA,"1613",13,NA,1,1176
"877",NA,NA,NA,"1613",13,NA,1,1177
"878",NA,NA,NA,"1613",13,NA,1,1178
"879",NA,NA,NA,"1613",13,NA,1,1179
"880",NA,NA,NA,"1613",13,NA,1,1180
"881",NA,NA,NA,"1614",14,NA,1,1181
"882",NA,NA,NA,"1614",14,NA,1,1182
"883",NA,NA,NA,"1614",14,NA,1,1183
"884",NA,NA,NA,"1614",14,NA,1,1184
"885",NA,NA,NA,"1614",14,NA,1,1185
"886",NA,NA,NA,"1400",0,NA,1,1186
"887",NA,NA,NA,"1400",0,NA,1,1187
"888",NA,NA,NA,"1400",0,NA,1,1188
"889",NA,NA,NA,"1400",0,NA,1,1189
"890",NA,NA,NA,"1401",1,NA,1,1190
"891",NA,NA,NA,"1401",1,NA,1,1191
"892",NA,NA,NA,"1401",1,NA,1,1192
"893",NA,NA,NA,"1401",1,NA,1,1193
"894",NA,NA,NA,"1402",2,NA,1,1194
"895",NA,NA,NA,"1402",2,NA,1,1195
"896",NA,NA,NA,"1402",2,NA,1,1196
"897",NA,NA,NA,"1402",2,NA,1,1197
"898",NA,NA,NA,"1403",3,NA,1,1198
"899",NA,NA,NA,"1403",3,NA,1,1199
"900",NA,NA,NA,"1403",3,NA,1,1200
"901",NA,NA,NA,"1403",3,NA,1,1201
"902",NA,NA,NA,"1404",4,NA,1,1202
"903",NA,NA,NA,"1404",4,NA,1,1203
"904",NA,NA,NA,"1404",4,NA,1,1204
"905",NA,NA,NA,"1404",4,NA,1,1205
"906",NA,NA,NA,"1405",5,NA,1,1206
"907",NA,NA,NA,"1405",5,NA,1,1207
"908",NA,NA,NA,"1405",5,NA,1,1208
"909",NA,NA,NA,"1405",5,NA,1,1209
"910",NA,NA,NA,"1406",6,NA,1,1210
"911",NA,NA,NA,"1406",6,NA,1,1211
"912",NA,NA,NA,"1406",6,NA,1,1212
"913",NA,NA,NA,"1406",6,NA,1,1213
"914",NA,NA,NA,"1407",7,NA,1,1214
"915",NA,NA,NA,"1407",7,NA,1,1215
"916",NA,NA,NA,"1407",7,NA,1,1216
"917",NA,NA,NA,"1407",7,NA,1,1217
"918",NA,NA,NA,"1408",8,NA,1,1218
"919",NA,NA,NA,"1408",8,NA,1,1219
"920",NA,NA,NA,"1408",8,NA,1,1220
"921",NA,NA,NA,"1408",8,NA,1,1221
"922",NA,NA,NA,"1409",9,NA,1,1222
"923",NA,NA,NA,"1409",9,NA,1,1223
"924",NA,NA,NA,"1409",9,NA,1,1224
"925",NA,NA,NA,"1409",9,NA,1,1225
"926",NA,NA,NA,"1410",10,NA,1,1226
"927",NA,NA,NA,"1410",10,NA,1,1227
"928",NA,NA,NA,"1410",10,NA,1,1228
"929",NA,NA,NA,"1410",10,NA,1,1229
"930",NA,NA,NA,"1411",11,NA,1,1230
"931",NA,NA,NA,"1411",11,NA,1,1231
"932",NA,NA,NA,"1411",11,NA,1,1232
"933",NA,NA,NA,"1411",11,NA,1,1233
"934",NA,NA,NA,"1412",12,NA,1,1234
"935",NA,NA,NA,"1412",12,NA,1,1235
"936",NA,NA,NA,"1412",12,NA,1,1236
"937",NA,NA,NA,"1412",12,NA,1,1237
"938",NA,NA,NA,"1413",13,NA,1,1238
"939",NA,NA,NA,"1413",13,NA,1,1239
"940",NA,NA,NA,"1413",13,NA,1,1240
"941",NA,NA,NA,"1413",13,NA,1,1241
"942",NA,NA,NA,"1414",14,NA,1,1242
"943",NA,NA,NA,"1414",14,NA,1,1243
"944",NA,NA,NA,"1414",14,NA,1,1244
"945",NA,NA,NA,"1414",14,NA,1,1245
"946",NA,NA,NA,"1500",0,NA,1,1246
"947",NA,NA,NA,"1500",0,NA,1,1247
"948",NA,NA,NA,"1500",0,NA,1,1248
"949",NA,NA,NA,"1500",0,NA,1,1249
"950",NA,NA,NA,"1500",0,NA,1,1250
"951",NA,NA,NA,"1501",1,NA,1,1251
"952",NA,NA,NA,"1501",1,NA,1,1252
"953",NA,NA,NA,"1501",1,NA,1,1253
"954",NA,NA,NA,"1501",1,NA,1,1254
"955",NA,NA,NA,"1501",1,NA,1,1255
"956",NA,NA,NA,"1502",2,NA,1,1256
"957",NA,NA,NA,"1502",2,NA,1,1257
"958",NA,NA,NA,"1502",2,NA,1,1258
"959",NA,NA,NA,"1502",2,NA,1,1259
"960",NA,NA,NA,"1502",2,NA,1,1260
"961",NA,NA,NA,"1503",3,NA,1,1261
"962",NA,NA,NA,"1503",3,NA,1,1262
"963",NA,NA,NA,"1503",3,NA,1,1263
"964",NA,NA,NA,"1503",3,NA,1,1264
"965",NA,NA,NA,"1503",3,NA,1,1265
"966",NA,NA,NA,"1504",4,NA,1,1266
"967",NA,NA,NA,"1504",4,NA,1,1267
"968",NA,NA,NA,"1504",4,NA,1,1268
"969",NA,NA,NA,"1504",4,NA,1,1269
"970",NA,NA,NA,"1504",4,NA,1,1270
"971",NA,NA,NA,"1505",5,NA,1,1271
"972",NA,NA,NA,"1505",5,NA,1,1272
"973",NA,NA,NA,"1505",5,NA,1,1273
"974",NA,NA,NA,"1505",5,NA,1,1274
"975",NA,NA,NA,"1505",5,NA,1,1275
"976",NA,NA,NA,"1506",6,NA,1,1276
"977",NA,NA,NA,"1506",6,NA,1,1277
"978",NA,NA,NA,"1506",6,NA,1,1278
"979",NA,NA,NA,"1506",6,NA,1,1279
"980",NA,NA,NA,"1506",6,NA,1,1280
"981",NA,NA,NA,"1507",7,NA,1,1281
"982",NA,NA,NA,"1507",7,NA,1,1282
"983",NA,NA,NA,"1507",7,NA,1,1283
"984",NA,NA,NA,"1507",7,NA,1,1284
"985",NA,NA,NA,"1507",7,NA,1,1285
"986",NA,NA,NA,"1508",8,NA,1,1286
"987",NA,NA,NA,"1508",8,NA,1,1287
"988",NA,NA,NA,"1508",8,NA,1,1288
"989",NA,NA,NA,"1508",8,NA,1,1289
"990",NA,NA,NA,"1508",8,NA,1,1290
"991",NA,NA,NA,"1509",9,NA,1,1291
"992",NA,NA,NA,"1509",9,NA,1,1292
"993",NA,NA,NA,"1509",9,NA,1,1293
"994",NA,NA,NA,"1509",9,NA,1,1294
"995",NA,NA,NA,"1509",9,NA,1,1295
"996",NA,NA,NA,"1510",10,NA,1,1296
"997",NA,NA,NA,"1510",10,NA,1,1297
"998",NA,NA,NA,"1510",10,NA,1,1298
"999",NA,NA,NA,"1510",10,NA,1,1299
"1000",NA,NA,NA,"1510",10,NA,1,1300
"1001",NA,NA,NA,"1511",11,NA,1,1301
"1002",NA,NA,NA,"1511",11,NA,1,1302
"1003",NA,NA,NA,"1511",11,NA,1,1303
"1004",NA,NA,NA,"1511",11,NA,1,1304
"1005",NA,NA,NA,"1511",11,NA,1,1305
"1006",NA,NA,NA,"1512",12,NA,1,1306
"1007",NA,NA,NA,"1512",12,NA,1,1307
"1008",NA,NA,NA,"1512",12,NA,1,1308
"1009",NA,NA,NA,"1512",12,NA,1,1309
"1010",NA,NA,NA,"1512",12,NA,1,1310
"1011",NA,NA,NA,"1513",13,NA,1,1311
"1012",NA,NA,NA,"1513",13,NA,1,1312
"1013",NA,NA,NA,"1513",13,NA,1,1313
"1014",NA,NA,NA,"1513",13,NA,1,1314
"1015",NA,NA,NA,"1513",13,NA,1,1315
"1016",NA,NA,NA,"1514",14,NA,1,1316
"1017",NA,NA,NA,"1514",14,NA,1,1317
"1018",NA,NA,NA,"1514",14,NA,1,1318
"1019",NA,NA,NA,"1514",14,NA,1,1319
"1020",NA,NA,NA,"1514",14,NA,1,1320
